"User","Count","URLs"
"lsitu;",7,"https://github.com/fcrepo4/fcrepo4/pull/1351;https://github.com/fcrepo4/fcrepo4/pull/1347;https://github.com/fcrepo4/fcrepo4/pull/1333;https://github.com/fcrepo4/fcrepo4/pull/1330;https://github.com/fcrepo4/fcrepo4/pull/1326;https://github.com/fcrepo4/fcrepo4/pull/1322;https://github.com/fcrepo4/fcrepo4/pull/1317"
"whikloj;",5,"https://github.com/fcrepo4/fcrepo4/pull/1336;https://github.com/fcrepo4/fcrepo4/pull/1331;https://github.com/fcrepo4/fcrepo4/pull/1329;https://github.com/fcrepo4/fcrepo4/pull/1327;https://github.com/fcrepo4/fcrepo4/pull/1320"
"peichman-umd;University of Maryland Libraries (@umd-lib)",5,"https://github.com/fcrepo4/fcrepo4/pull/1342;https://github.com/fcrepo4/fcrepo4/pull/1338;https://github.com/fcrepo4/fcrepo4/pull/1332;https://github.com/fcrepo4/fcrepo4/pull/1325;https://github.com/fcrepo4/fcrepo4/pull/1324"
"mohideen;University of Maryland Libraries",4,"https://github.com/fcrepo4/fcrepo4/pull/1349;https://github.com/fcrepo4/fcrepo4/pull/1348;https://github.com/fcrepo4/fcrepo4/pull/1337;https://github.com/fcrepo4/fcrepo4/pull/1334"
"yinlinchen;Virginia Tech University Libraries",2,"https://github.com/fcrepo4/fcrepo4/pull/1341;https://github.com/fcrepo4/fcrepo4/pull/1318"
"randalldfloyd;",2,"https://github.com/fcrepo4/fcrepo4/pull/1346;https://github.com/fcrepo4/fcrepo4/pull/1319"
"harringj;",2,"https://github.com/fcrepo4/fcrepo4/pull/1345;https://github.com/fcrepo4/fcrepo4/pull/1316"
"dbernstein;",2,"https://github.com/fcrepo4/fcrepo4/pull/1328;https://github.com/fcrepo4/fcrepo4/pull/1323"
"bbpennel;UNC Chapel Hill Libraries",2,"https://github.com/fcrepo4/fcrepo4/pull/1344;https://github.com/fcrepo4/fcrepo4/pull/1335"
